{"cameraMode":{"drawMode":0,"name":"Shaded","section":"Shading Mode"},"sceneLighting":true,"audioPlay":false,"sceneViewState":{"m_AlwaysRefresh":false,"showFog":true,"showSkybox":true,"showFlares":true,"showImageEffects":true,"showParticleSystems":true,"showVisualEffectGraphs":true,"m_FxEnabled":true},"in2DMode":false,"pivot":{"x":0.7594543099403381,"y":-5.683366775512695,"z":16.904476165771486},"rotation":{"x":-0.28083157539367678,"y":-0.01986175775527954,"z":0.0057796211913228039,"w":-0.9595864415168762},"size":14.25562572479248,"orthographic":false}