{"cameraMode":{"drawMode":0,"name":"Shaded","section":"Shading Mode"},"sceneLighting":false,"audioPlay":false,"sceneViewState":{"m_AlwaysRefresh":false,"showFog":true,"showSkybox":false,"showFlares":true,"showImageEffects":true,"showParticleSystems":true,"showVisualEffectGraphs":true,"m_FxEnabled":true},"in2DMode":false,"pivot":{"x":0.000674128532409668,"y":0.6587113738059998,"z":-0.02669668197631836},"rotation":{"x":0.32518765330314639,"y":-0.006541348993778229,"z":0.002270621946081519,"w":0.945658802986145},"size":2.1946895122528078,"orthographic":false}