{"cameraMode":{"drawMode":0,"name":"Shaded","section":"Shading Mode"},"sceneLighting":false,"audioPlay":false,"sceneViewState":{"m_AlwaysRefresh":false,"showFog":true,"showSkybox":false,"showFlares":true,"showImageEffects":true,"showParticleSystems":true,"showVisualEffectGraphs":true,"m_FxEnabled":true},"in2DMode":false,"pivot":{"x":1.1135730743408204,"y":3.010016441345215,"z":-0.019756823778152467},"rotation":{"x":-0.2552979588508606,"y":0.03278414532542229,"z":-0.008664783090353012,"w":-0.9662683010101318},"size":3.322064161300659,"orthographic":false}