{"cameraMode":{"drawMode":0,"name":"Shaded","section":"Shading Mode"},"sceneLighting":false,"audioPlay":false,"sceneViewState":{"m_AlwaysRefresh":false,"showFog":true,"showSkybox":false,"showFlares":true,"showImageEffects":true,"showParticleSystems":true,"showVisualEffectGraphs":true,"m_FxEnabled":true},"in2DMode":false,"pivot":{"x":1.900546908378601,"y":0.6793968677520752,"z":-0.08038318157196045},"rotation":{"x":0.32518765330314639,"y":-0.006541348993778229,"z":0.002270621946081519,"w":0.945658802986145},"size":2.12937593460083,"orthographic":false}